ghidra_name,real_addr,proposed_name,subsystem,confidence,basis,purpose,notes,project_addr
FUN_08000630,0x08003230,lib_printf_hex,libc,Medium,"Owns the digit table ""0123456789ABCDEF@0X""",Hexadecimal conversion inside the printf family.,Compiler runtime.,0x08000630
FUN_08000808,0x08003408,lib_sprintf,libc,High,"Decompile: builds a FILE-like descriptor on the stack and hands it plus the varargs to the formatter core, then flushes",sprintf into a caller-supplied buffer.,41 callers - the main text formatter for the UI.,0x08000808
FUN_80000bc0,0x080037C0,lib_memset,libc,High,"Existing entry, consistent with 18 call sites and a word-optimised fill",Standard memset.,Retained.,0x08000BC0
FUN_08000dc8,0x080039C8,lib_memcmp,libc,High,Decompile: word-at-a-time compare with an alignment fast path and byte-swapped ordering for the mismatch result,Standard memcmp.,10 callers. Used by BT_CheckModuleName to match the module identity string.,0x08000DC8
FUN_08000e68,0x08003A68,lib_strlen,libc,High,"Decompile: word-at-a-time scan using the classic zero-byte test (x + 0xFEFEFEFF) & ~x & 0x80808080, with an alignment preamble and a trailing-byte fixup",Standard strlen.,20 callers.,0x08000E68
FUN_08000ea6,0x08003AA6,lib_memcpy,libc,High,"Decompile: fixes up source/destination alignment byte-wise, then runs the word loop; 47 callers, the most-called unnamed function in the image",Standard memcpy.,Delegates the aligned bulk case to lib_memcpy_aligned (0x08000F30).,0x08000EA6
FUN_08000f30,0x08003B30,lib_memcpy_aligned,libc,Medium-High,Decompile: 32-byte unrolled block copy with a tail loop,Aligned bulk copy loop.,Reached from lib_memcpy (0x08000EA6) once alignment has been fixed up; 16 direct callers of its own.,0x08000F30
FUN_80000f94,0x08003B94,lib_bzero,libc,High,Existing entry,Zero fill.,Retained.,0x08000F94
FUN_80000fd8,0x08003BD8,lib_memclr_struct,libc,Medium,"36 callers, 2 args, returns a pointer; used as clear(struct, size) e.g. FUN_8001b3bc clears a 0x54-byte block",Clears a sized block.,Distinct from FUN_80000f94; exact semantics not pinned down.,0x08000FD8
FUN_0800107c,0x08003C7C,lib_get_errno_ptr,libc,Medium-High,Four-byte leaf returning a pointer to SRAM 0x20012B50; lib_set_errno stores through it,Returns the address of errno.,The newlib __errno accessor.,0x0800107C
FUN_0800108e,0x08003C8E,lib_set_errno,libc,Medium-High,Stores its argument through the pointer returned by the adjacent 12-byte accessor at 0x0800107C - the newlib __errno idiom,Sets errno.,"Pairs with lib_get_errno_ptr (0x0800107C). Only interesting as a marker that this region is compiler runtime, not firmware logic.",0x0800108E
FUN_08001572,0x08004172,lib_vfprintf_core,libc,Medium-High,"The function lib_sprintf delegates to, taking (format, stream, args, jumptable)",printf format engine.,,0x08001572
FUN_08002748,0x08005348,lib_fpe_strerror,libc,High,"Owns ""Invalid Operation"", ""Divide By Zero"", ""Overflow"", ""Underflow"", ""Inexact Result"" and ""SIGFPE: Arithmetic exception: """,Maps floating-point exception flags to text.,"Compiler runtime, not firmware logic - listed so a reader skips it.",0x08002748
FUN_800037b0,0x080063B0,Display_BufferFlush,Display,Medium,Existing catalog entry; the PC12 'backlight' claim conflicts with hardware-verified PC6,Streams the frame buffer over DMA.,"*** RESOLVED *** docs/display.md calls PC12 the backlight gate. Hertzz58 HW_CONFIRMED PC12 as the beep/speaker switch (BEEP_SW), and the backlight as PC6 with PB3 secondary. So the PC12 handling in this function is audio gating, not display.",0x080037B0
FUN_08003cf8,0x080068F8,APRS_DrawBeaconList,APRS,Medium-High,"Owns ""Beacon List"" plus the row formats ""%s-%d"" (callsign-SSID), ""%02d:%02d"" and the ""--------"" / ""--.--"" empty placeholders",Renders the received APRS beacon list.,"The callsign-SSID shape of ""%s-%d"" is what makes this APRS rather than a generic list.",0x08003CF8
FUN_08004340,0x08006F40,GPS_DrawAltitudeTime,GPS,Medium-High,"Owns ""T:%02d:%02d:%02d"", ""H:%.3fft"", ""H:%d.%dm"" and the ""H:--.--"" placeholder","Draws GPS time and altitude, in feet or metres.",The paired feet/metres forms imply a units setting selects between them.,0x08004340
FUN_80004948,0x08007548,GPS_DrawCompassScreen,GPS/UI,Medium,"Literal pool reaches 'ALT:', 'DIR:', 'SPD:', '%c %'",Renders a second GPS/compass view.,Newly identified via string recovery.,0x08004948
FUN_8000592c,0x0800852C,GPS_DrawInfoScreen,GPS/UI,Medium-High,"Literal pool reaches the strings 'LAT:', 'ALT:', 'SPD:', 'DIS:', 'DIR:', '%.5f'",Renders the GPS information page.,"Newly identified via string recovery, which was only possible after re-basing.",0x0800592C
FUN_0800788c,0x0800A48C,RADIO_DrawBandLimits,UI,Low-Medium,"Owns ""144-146/430-440"" and ""Super Mode""",Shows the configured transmit band limits.,"144-146/430-440 is the restricted amateur allocation; ""Super Mode"" is presumably the unrestricted setting. Shape-based.",0x0800788C
FUN_08007e7c,0x0800AA7C,AUDIO_QueueTonePrompt,Audio,Low-Medium,"Fills a small command buffer at SRAM 0x200106FC ([2]=count, [3..5]=codes) and raises a pending flag; gated on three state checks",Queues a beep or voice prompt for the audio task.,"28 callers. param_1 == 9 queues a 3-entry sequence (0x91,0xFF,0x91); otherwise a single entry of param_1-0x6F. RT-890 analog: BEEP_Play / AUDIO_PlaySample. Element meanings unconfirmed.",0x08007E7C
FUN_08007ed0,0x0800AAD0,AUDIO_PlayTonePromptBlocking,Audio,Medium-High,"Decompile: calls AUDIO_QueueTonePrompt then spins on the queue-pending flag at SRAM 0x200106FC, pumping tasks until it clears",Queues a prompt and waits for it to finish.,Blocking counterpart to AUDIO_QueueTonePrompt. 10 callers.,0x08007ED0
FUN_080080f4,0x0800AB04,BK4829_LoadAgcAndAfTables,RF/BK4829,Medium,"Decompile: seven writes to register 9 encoding index-in-high-nibble table entries (0x9037, 0xA025 ... 0xF09F), then 0x74/0x75, 0x44/0x45 and 0x54/0x55",Loads the AGC gain table and the audio response coefficients.,"RT-890 BK4819_SetAFResponseCoefficients touches the same 0x44/0x45/0x54/0x55/0x74/0x75 group; the register-9 sequence is the separate AGC table load. The 950 writes fixed constants where the 890 selects them from calibration, so these may be defaults later overwritten.",0x08007F04
FUN_8000834c,0x0800AF4C,BT_Usart1Init,Bluetooth,Medium-High,Existing entry; PA9/PA10 independently confirmed by Hertzz58 (BT_TX/BT_RX on USART1),Initialises USART1 at 115200 for the Bluetooth module.,Agreement between both sources. Note this conflicts with pinout.md's separate claim that SI4732 uses PA8/PA9.,0x0800834C
FUN_080088f0,0x0800B4F0,RF_ComputeTxFrequency,RF,High,"Decompile, fully readable now: reads the active slot index from SRAM 0x2000A488, then base freq +0x108, shift dir +0x130, offset +0x134, and stores the result to +0x114","Derives the TX frequency from the RX frequency, repeater shift direction and offset.","Refines the existing entry RF_Apply_Frequency_Offset. Shift direction: 1 = plus, 2 = minus, anything else = simplex (TX = RX). Slot stride is 0x58.",0x080088F0
FUN_08008ce4,0x0800B8E4,SYS_PollTasks,System,Medium,The function SYS_DelayMsPumping spins on; the natural place for the cooperative scheduler tick,Runs one pass of the background task set.,"Not yet decomposed - worth doing, it should name much of the task layer.",0x08008CE4
FUN_08008f50,0x0800BB50,CHANNEL_ReloadActive,Storage,Medium-High,"Decompile: optionally clears the edit buffer, then calls CHANNEL_LoadToSlot(active slot from radio-state +0xF4, read-from-flash = 1, channel number from radio-state +0x102), and optionally drops to idle afterwards",Reloads the currently selected channel from flash into its slot.,Also pins radio-state +0x102 as the live channel number - the same field CHANNEL_CommitEdit uses as the base for its zone arithmetic.,0x08008F50
FUN_08009110,0x0800BD10,CHANNEL_LoadToSlot,Storage,High,"Decompile: computes a flash address as zone*0x800 + index*0x20, reads a 32-byte record via SPIFLASH_ReadBytes, BCD-decodes the frequency bytes and unpacks the flag byte into the radio state struct",Loads one stored channel into one of the three runtime slots.,"Refines the existing entry Channel_Load_Config. Full record map in work/out/channel_layout.md: 32-byte records, 64 per 0x800 zone, BCD frequencies, 12-byte name at +0x14, flag byte at +0x0F whose bit 7 switches to a 32-bit code at +0x10.",0x08009110
FUN_080094ac,0x0800C0AC,CHANNEL_CopyActiveToWork,Storage,Medium,Decompile: copies 0x58 bytes from the active slot record (0x2000A394 + slot*0x58 + 0x108) to 0x2000A768,Takes a working copy of the active channel.,Identifies SRAM 0x2000A768 as a 0x58-byte scratch copy of the live channel - the buffer the menu edits before CHANNEL_CommitEdit writes it back.,0x080094AC
FUN_0800953c,0x0800C13C,SYS_GetModeFlag,System,Low,Six-byte leaf returning the byte at SRAM 0x2000A254; 13 callers,Reads a global mode flag.,Named for its shape; the flag's meaning is not established. Used as a guard by AUDIO_QueueTonePrompt.,0x0800953C
FUN_0800a154,0x0800CD54,BT_CheckModuleName,Bluetooth,Medium,"Decompile: scans the receive buffer at SRAM 0x2000AE74 for 'G', then memcmps 7 bytes against the string at 0x08030198",Returns 1 if the attached Bluetooth module identifies as expected.,"The identity string is ""RAMBT9000U"" - a real BT module part number, and another string only visible after the 0x2C00 image correction.",0x0800A154
FUN_0800a550,0x0800D150,SYS_AlternateTick,System,Low-Medium,"Decompile: if the flag byte is set, clear it and return 1; otherwise set it and return 0 - so it alternates 0,1,0,1 on successive calls",Divide-by-two latch used to run work on alternate passes.,"Named for its behaviour. It gates the transmit branch in state 1, which initially looked like a PTT read - it is not; it is a rate divider. Marked Low-Medium because the intent behind the division is unconfirmed.",0x0800A550
FUN_0800aab0,0x0800D6B0,UI_ClearTextBuffers,UI,Low,Decompile: two adjacent bzero calls of 0x55 and 0x50 bytes over one base pointer,Clears a pair of adjacent buffers.,"Shape-only. 7 callers, but the base pointer is not yet identified, so both the name and the purpose are guesses.",0x0800AAB0
FUN_0800aacc,0x0800D6CC,UI_DrawScreenRegion,UI,Medium-High,Decompile: switch on a region id; region 2 draws three selector boxes at x=0x1C/0x75/0xCE and highlights one according to SRAM 0x2000A394[0xF4],Redraws one numbered region of the main screen.,"25 callers. SRAM 0x2000A394+0xF4 is the active-slot index - the same field the existing catalogue noted for RF_Apply_Frequency_Offset (""index at DAT_80008930+0xf4""), which corroborates both.",0x0800AACC
FUN_8000ac7c,0x0800D87C,GPS_ParseNmeaCoordinate,GPS,Medium,Existing entry,Parses DDMM.MMMM NMEA coordinates.,Retained. Note the GPS UART pin assignment below is disputed.,0x0800AC7C
FUN_0800aefc,0x0800DAFC,GPS_ConfigureNmeaOutput,GPS,High,"Sends the literal NMEA command ""$PCAS03,5,0,0,0,0,3,7,60*"" - the CASIC/AT6558 proprietary sentence-rate configuration command",Configures which NMEA sentences the GPS module emits and at what rate.,"$PCAS03 identifies the GPS as a CASIC-protocol part (AT6558/AT6668 family), which is a hardware fact not previously recorded anywhere in the three repos.",0x0800AEFC
FUN_0800b318,0x0800DF18,CRC16_CCITT,Util,High,"Decompile: per byte, xor into the high byte then 8 shift-xor rounds with polynomial 0x1021",CRC-16-CCITT over a buffer.,"22 callers. Same polynomial and structure as PackageFmt.CrcValidation in the decompiled RT-950 updater (firmware/reference firmware/RT_950_EnUPDATE_ilspy), so the radio and the PC tool share the check.",0x0800B318
FUN_8000b368,0x0800DF68,DAC_ChannelGate,Audio,Medium,Existing entry,Sets/clears DAC control bits at 0x40007400.,Retained.,0x0800B368
FUN_0800b458,0x0800E058,Util_SetFlagBit0,Util,Low-Medium,"Decompile: sets or clears bit 0 of a 16-bit word through a pointer, chosen by the second argument",Sets or clears a single flag bit.,Trivial helper; named for its shape. Which flag word it operates on depends entirely on the caller.,0x0800B458
FUN_8000b7a6,0x0800E3A6,DELAY_WaitMS,BSP/Delay,High,"Existing catalog entry, confirmed: wraps FUN_8000b7c2 in an outer loop",Blocking millisecond delay.,RT-890 analog: DELAY_WaitMS(). Previously named Util_Delay_ms.,0x0800B7A6
FUN_8000b7c2,0x0800E3C2,DELAY_WaitUS,BSP/Delay,High,"Disassembly: count = arg*31, tight decrement loop",Blocking sub-millisecond busy-wait.,RT-890 analog: DELAY_WaitUS(). ~31 iterations/unit at 120 MHz is roughly 1 us. 20 direct callers.,0x0800B7C2
FUN_0800bb08,0x0800E708,UI_DrawVfoChannelMode,UI,Medium-High,"Owns ""VFO Mode"", ""CH Mode"" and "" CH-%03d """,Draws the VFO/memory mode indicator and channel number.,Pairs with the per-slot work-mode field packed into settings byte 0x1A.,0x0800BB08
FUN_0800c2b8,0x0800EEB8,UI_RefreshActiveVfo,UI,Medium,Decompile: a fixed five-call sequence that reloads and redraws using the active slot index from 0x2000A394[0xF4],Reloads and repaints the currently selected VFO.,13 callers; shape and the slot-index read are the evidence.,0x0800C2B8
FUN_0800c99c,0x0800F59C,CSS_FormatToneLabel,RF,High,"Format strings "" D%03oI"", "" D%03oN"" and "" %d.%dHz"" - DCS codes rendered in OCTAL with N/I suffixes, alongside a CTCSS frequency form",Renders a CTCSS frequency or DCS code for display.,"The %03o is the giveaway: DCS codes are conventionally written in octal, and N/I are the standard normal/inverted suffixes. RT-890 analog: the CTCSS_GetOption / DCS_GetOption pair in app/css.c.",0x0800C99C
FUN_0800cc20,0x0800F820,UI_FormatDisplayName,UI,Low-Medium,Decompile: space-fills a 16-byte field then maps each source byte through the character table at 0x08030436,Renders a stored name/ID into displayable characters.,Shape-based; the exact source record is not pinned down.,0x0800CC20
FUN_0800d2dc,0x0800FEDC,UI_DrawStatusBar,UI,Medium-High,"Decompile: fills x 0..0xF0, y 0x126..0x140 then blits a fixed set of icons with LCD_DrawImage, each chosen from a pair by a settings or state byte",Redraws the bottom status bar and its icons.,"The window bounds confirm the panel geometry as 240 wide by 320 tall (portrait): x clamps at 0xF0 = 240, y at 0x140 = 320. docs/display.md describes it as ""320 x 240"", which is the same two numbers the other way round and is worth restating as 240x320 portrait to avoid confusion.",0x0800D2DC
FUN_8000dca0,0x080108A0,AUDIO_StartDmaPlayback,Audio,Medium,Existing entry (AudioDMA_Trigger),Arms DMA2 with a sample buffer targeting DAC1.,Retained from existing catalogue.,0x0800DCA0
FUN_0800de58,0x08010A58,UI_ShowAlert,UI,Medium,"Mode setter called with 0, 3, 4 and 5 from the state machine; kind 3 fills a small record (entry 9, terminator 0xFF), claims the audio path via AUDIO_SetPathOwner and loads a timeout from settings[0x0C]",Raises a timed alert/popup and its accompanying tone.,,0x0800DE58
FUN_0800e214,0x08010E14,UI_ClearKeyState,UI,Low,Clears offsets 0x28/0x29/0x2B and sets 0x14 in the 0x2000A334 state struct; 24 callers,Clears pending key/repeat state.,Shape-based only.,0x0800E214
FUN_8000e2e0,0x08010EE0,ENCODER_HandleQuadrature,Input,Medium-High,Existing entry; PB4/PB5 independently hardware-confirmed by Hertzz58 (ENC_A/ENC_B),Debounces the front-panel rotary encoder.,Masks 0x10/0x20 = PB4/PB5. Agreement between both sources.,0x0800E2E0
FUN_0800e95c,0x0801155C,UI_DrawUpdateScreen,UI,Medium,"Owns ""RT-950"" and ""UPDATE""",Draws the firmware-update screen.,,0x0800E95C
FUN_0800f0c4,0x08011CC4,CHANNEL_CommitEdit,Storage,Medium,"Decompile: calls SETTINGS_SyncToFlash, then for a memory-mode slot calls CHANNEL_SaveRecord with the slot record at +0x210 and the name at +0x141",Persists the edited channel and the settings together.,"Branches on the zone/flat mode flag at 0x2000A7E0[6], the same flag CHANNEL_LoadToSlot uses for addressing.",0x0800F0C4
FUN_0800f2b0,0x08011EB0,SI4732_SetMute,SI4732,High,"Decompile: mute path writes property 0x4001 = 3; unmute path writes 0x4001 = 0 then 0x4000 = 0x3F. In the Si47xx property map 0x4001 is RX_HARD_MUTE (bit0 right, bit1 left, so 3 = both) and 0x4000 is RX_VOLUME (0x3F = maximum)",Mutes or unmutes the broadcast receiver.,Independently corroborates SI4732_SetProperty: these are documented Si47xx property numbers used with exactly their documented semantics.,0x0800F2B0
FUN_0800f7ac,0x080123AC,DTMF_DrawPagingStatus,DTMF,Medium,"Owns ""P: ALL!"", ""P: CALL!"", ""P: GOUNP!"" and ""ID: %s""",Draws paging/selective-call status.,"""GOUNP"" is likely a truncated or mistyped ""GROUP"" in the vendor strings - worth preserving verbatim rather than correcting.",0x0800F7AC
FUN_0800f978,0x08012578,STORAGE_FindFirstSetBit,Storage,Medium-High,"Decompile: reads up to 32 bytes from the serial flash via SPIFLASH_ReadBytes, then scans LSB-first for the first set bit and returns its bit index, or 0xFF when none is set",Finds the first marked entry in a flash-resident allocation bitmap.,"Implies the flash carries a used/free bitmap alongside the channel records - one bit per channel. Return 0xFF is the not-found sentinel. Useful for ""next free channel"" and ""next programmed channel"" logic.",0x0800F978
FUN_08010444,0x08013044,CHANNEL_SaveRecord,Storage,Medium,"Called by the channel-save path as (channel_number, record_pointer, name_pointer), with the channel number computed as base + zone * 0x40",Writes one channel record and its name to flash.,"The zone * 0x40 term independently confirms 64 channels per zone, matching the 0x800 zone / 0x20 record arithmetic in CHANNEL_LoadToSlot.",0x08010444
FUN_0801054c,0x0801314C,SETTINGS_SyncToFlash,Storage,Medium-High,"Decompile: gathers 0x20 bytes from the settings struct at 0x2000A7C0 and 0x25 from 0x2000A7E0 into one 0x60 buffer, CRC16s 0x5E bytes of it, finds a slot via STORAGE_FindFirstSetBit(0x9000, 6), then compares the stored CRC at slot*0x60 + 0x906E before deciding whether to rewrite","Writes the settings block to flash, skipping the write when the CRC already matches.","This is a wear-levelling scheme: a 6-byte allocation bitmap at flash 0x9000 (48 slots), 0x60-byte records, the CRC stored at record offset 0x6E, and a slot cap of 0x29 (41). Explains the 0x9000 address noted vaguely in the original catalogue for Flash_ReadWrite_Block. Read this before writing settings by hand.",0x0801054C
FUN_08011528,0x08014128,SI4732_DrawBandList,SI4732,High,"Format strings ""153-279"", ""520-1710"", "" 2.3-30"", "" 64-108"", ""0.15-30"" - the standard LW, MW, SW and FM broadcast band edges in kHz and MHz",Draws the broadcast band selection list.,"These are exactly the bands an Si4732 covers: LW 153-279 kHz, MW 520-1710 kHz, SW 2.3-30 MHz, FM 64-108 MHz. Only visible after the base was corrected.",0x08011528
FUN_8001272c,0x0801532C,GPIO_Init,BSP/GPIO,High,"AT32 SDK gpio_init(); signature (uint*, ushort*) = (gpio_type*, gpio_init_type*)",Applies a gpio_init_type struct to a port.,"23 call sites. Vendor library function from at32f403a_407_gpio.c, which is checked into the RE repo under 'reference project/'.",0x0801272C
FUN_80012c20,0x08015820,GPIO_InputDataRead,BSP/GPIO,High,"Disassembly: ldr r0,[r0,#8]; uxth -> reads idt (offset 0x08)",Reads the whole 16-bit input data register of a port.,SDK gpio_input_data_read(). Used by the keypad row sense.,0x08012C20
FUN_80012c26,0x08015826,GPIO_InputDataBitRead,BSP/GPIO,High,Disassembly reads idt and compares against mask; returns bool,Tests one or more input pins.,SDK gpio_input_data_bit_read(). 51 call sites.,0x08012C26
FUN_80012c34,0x08015834,GPIO_OutputDataRead,BSP/GPIO,High,"Disassembly: ldr r0,[r0,#12]; uxth -> reads odt (offset 0x0C)",Reads back the output data register.,SDK gpio_output_data_read(). Used by the LCD bus to preserve control bits when writing the data byte.,0x08012C34
FUN_80012c3a,0x0801583A,GPIO_BitsReset,BSP/GPIO,High,"Disassembly: str r1,[r0,#20] -> writes clr (offset 0x14), confirmed against at32f403a_407_gpio.h",Drives the given pins LOW.,*** CORRECTION *** The existing catalog and docs/pinout.md treat this as the 'set' helper. It is gpio_bits_reset. Every pin-polarity statement derived from it is inverted. 124 call sites. Independently corroborated by Hertzz58 pinmap: LCD CS 'ClearPin=assert'.,0x08012C3A
FUN_80012c3e,0x0801583E,GPIO_BitsSet,BSP/GPIO,High,"Disassembly: str r1,[r0,#16] -> writes scr (offset 0x10)",Drives the given pins HIGH.,*** CORRECTION *** Mirror of the above; previously read as 'reset'. 107 call sites.,0x08012C3E
FUN_80012c42,0x08015842,GPIO_DefaultParaInit,BSP/GPIO,High,Disassembly writes 0xFFFF/2/4 into a struct; matches SDK gpio_default_para_init() field-for-field,Fills a gpio_init_type with library defaults.,"pins=ALL, mode=INPUT, drive=STRONGER.",0x08012C42
FUN_80012c52,0x08015852,GPIO_PortWrite,BSP/GPIO,High,"Disassembly: str r1,[r0,#12] -> writes odt",Writes all 16 output bits at once.,SDK gpio_port_write(). This is how the LCD data byte reaches PD8-PD15.,0x08012C52
FUN_80012f68,0x08015B68,ZONE_MenuScreen,UI,Low-Medium,Literal pool reaches 'Zone',Zone selection UI.,Newly surfaced.,0x08012F68
FUN_08012ff4,0x08015BF4,CSS_ClassifyCode,RF,Medium-High,Called on the raw 16-bit sub-audible values from the channel record; its result is stored as the code TYPE alongside the raw code,Decides whether a stored sub-audible code is CTCSS or DCS.,RT-890 analog: CSS_ConvertCode / the CTCSS_GetOption + DCS_GetOption pair in app/css.c. The wide-code path in CHANNEL_LoadToSlot bypasses it and forces type 2.,0x08012FF4
FUN_80013618,0x08016218,KEY_ScanMatrix,Input,High,Full disassembly reviewed at the correct base,"Scans the 4x5 keypad and returns a key code, 0xFF for none.",*** CORRECTION *** The existing note says it 'drives PC0-PC3 high'. It drives them LOW (gpio_bits_reset) and looks for a row pulled low: the no-key case is rows == 0xF. Active-low matrix with row pull-ups. Gated by PE5 and PA12. Column masks and key codes come from a table reached via the literal at 0x080136E0.,0x08013618
FUN_80013b64,0x08016764,ZONE_DrawEntry,UI,Low,Literal pool reaches 'Zone',Zone list rendering.,Newly surfaced.,0x08013B64
FUN_80013d6c,0x0801696C,GPIO_SetPinDirection,BSP/GPIO,Medium-High,RT-890 analog: SDA_SetInput()/SDA_SetOutput() in driver/bk4819.c,Reconfigures one pin between input and output at runtime.,"param_3: 0 = input, 1 = output. Required because the BK4829 data line is bidirectional.",0x08013D6C
FUN_80013f90,0x08016B90,GPS_UsartInit,GPS,Low-Medium,Existing entry claims USART3 on PC10/PC11,Brings up the GPS UART at 9600 baud.,"*** DISPUTED *** Hertzz58 hardware-verified GPS on USART3 PB10/PB11 (the default, non-remapped pins). USART3 also has a partial remap to PC10/PC11, so both are physically possible - but PC10/PC11 would collide with the UART4 claim in pinout.md. Re-check the IOMUX remap register before trusting either.",0x08013F90
FUN_080148d4,0x080174D4,UI_LoadBacklightTimeout,UI,Medium,"Decompile: maps settings byte [3] to a countdown at UI-state +0x30 - values under 5 scale by 50, 5 maps to 300, above 5 scales by 600 from a base of 5",Loads the backlight timeout from settings.,"The piecewise mapping is the usual ""short steps then long steps"" menu scale. Identifies settings 0x2000A7C0[3] as the backlight timeout.",0x080148D4
FUN_80014bd8,0x080177D8,BT_MenuScreen,Bluetooth/UI,Low-Medium,Literal pool reaches the fragment 'UETOOTH' (BLUETOOTH),Bluetooth settings screen.,Newly surfaced.,0x08014BD8
FUN_80014cf8,0x080178F8,UI_DrawTextField,UI,Low,"29 callers, 6 args, 444 bytes - the shape of a text/label draw",Draws a text field.,Speculative; shape-based only.,0x08014CF8
FUN_0801523c,0x08017E3C,UI_DrawPanel,UI,Medium,"Called repeatedly by UI_DrawScreenRegion with (x, y, colour) to paint the selector boxes",Draws a filled panel/box.,11 callers.,0x0801523C
FUN_080152ec,0x08017EEC,UI_DrawHLine,UI,Medium,"Called as (0, 0x74, 0xF0, 0xFFFF) - x, y, width, colour - after the selector row",Draws a horizontal rule.,,0x080152EC
FUN_800153fc,0x08017FFC,LCD_SetWindow,Display,Medium-High,Same store pattern as FUN_80015414 without the fill branch,Sets the active drawing window only.,,0x080153FC
FUN_80015414,0x08018014,LCD_SetWindowAndFill,Display,High,"Decompile: stores window into the LCD context struct, then optionally fills the frame buffer with an RGB565 constant",Sets the active window and optionally clears it to a colour.,59 callers. Clamps width to 0x140 (320) and fill length to 0x9600. RT-890 analog: DISPLAY_Fill.,0x08015414
FUN_80015470,0x08018070,LCD_FlushWindow,Display,High,"Decompile: SetAddressWindow from context struct, RAMWR, then byte-bangs the frame buffer to PD8-PD15",Pushes the current window from the frame buffer to the panel.,62 callers - the most-called function in the image. Reads g_20000BD0 via (g_2000A1D0 - 0x9600).,0x08015470
FUN_800156dc,0x080182DC,LCD_BlitRectangle,Display,Medium,"Existing catalog entry, not re-verified in this pass",Streams a rectangle of RGB565 data to the panel.,Retained from the existing catalogue.,0x080156DC
FUN_80015730,0x08018330,LCD_PushPixel,Display,Medium-High,Called once per pixel from the 1-bpp blitter,Writes a single RGB565 pixel into the frame buffer.,,0x08015730
FUN_08015794,0x08018394,LED_SetGreen,Indicators,High,"Drives GPIOC bit 0x4000 (PC14) with a shadow flag at SRAM 0x200001DA[3]. Hertzz58 HW_CONFIRMED: PC14 = green LED, state tracked at +3 of the same little struct",Turns the green status LED on or off.,"*** CORRECTS MY OWN EARLIER GUESS *** I named this DISPLAY_SetPanelEnable from its shape and flagged it as disputed. It is the green LED. Hertzz58 records having made exactly the same misidentification and corrected it: ""PC14: GREEN LED ... Previously misidentified as LCD enable"". Argument 0 = off, 1 = on, 2 = turn on only if currently off. Their struct sits at 0x200001DE in firmware V0.27 vs 0x200001DA in the V0.18 image analysed here - a 4-byte shift - but the +2/+3 field offsets match exactly.",0x08015794
FUN_080157d8,0x080183D8,LED_SetRed,Indicators,High,"Drives GPIOC bit 0x2000 (PC13) with a shadow flag at SRAM 0x200001DA[2], identical in shape to LED_SetGreen. Hertzz58 HW_CONFIRMED: PC13 = red LED, state tracked at +2",Turns the red status LED on or off.,"Argument 0 = off, 1 = on, 2 = turn on only if currently off. RADIO_RunStateMachine calls it with 1 on the transmit path, so red is the TX indicator; the many calls with 0 are teardown paths. 13 callers.",0x080157D8
FUN_08015820,0x08018420,Util_BitmapSet,Util,High,"Decompile: byte = base[index >> 3], mask = 1 << (index & 7), then OR or AND-NOT by the third argument",Sets or clears one bit in a packed bitmap.,"The write-side counterpart to STORAGE_FindFirstSetBit, so this is how the channel and settings allocation bitmaps are maintained. Any external tool that adds or deletes a channel has to do the same.",0x08015820
FUN_0801731c,0x08019F1C,SIGNAL_SendIdBurst,Signalling,Medium,"Called from RADIO_RunStateMachine as (0x100, id, 0) on the transmit tail and (0x180, id, 0) before transmit; the id is packed from four BCD nibbles at +0x15..+0x18. Body carries ~0x119 bytes of stack buffers, the shape of a tone/symbol sequence generator",Emits an identification burst (DTMF/ANI-style) before or after transmit.,First argument distinguishes the two contexts and is probably a duration or mode. Not decoded further.,0x0801731C
FUN_08017798,0x0801A398,SYS_FormatDeviceName,System,Medium-High,"Owns ""RT950Pro-%s"" together with ""%-*.*s"" padding forms",Builds the advertised device name.,The RT950Pro-<suffix> pattern is what a Bluetooth or programming-mode identity string looks like; the suffix source is not yet traced.,0x08017798
FUN_0801814c,0x0801AD4C,UI_ShowAntennaWarning,UI,High,"Owns the two-line string ""Please confirm that the / antenna has been replaced!""",Displays the antenna-change confirmation prompt.,"Sits in the RF band-switch neighbourhood, consistent with a warning shown when changing bands that need a different antenna.",0x0801814C
FUN_08018244,0x0801AE44,UI_ShowSaveOkDialog,UI,High,"Decompile: fills a banner region, blits a 43x45 icon, draws "" Save OK"" (or the GB2312 equivalent) chosen by the language flag, then blocks ~1.5 s","Shows the bilingual ""Save OK"" confirmation popup.","*** CORRECTS MY OWN EARLIER GUESS *** I first called this UI_RefreshMainScreen from its shape (55 callers / 380 bytes in the old export). Both numbers were artefacts of the old project mis-bounding functions: correctly analysed it is 160 bytes with 5 callers. The string at 0x080182EC is "" Save OK"" and 0x080182F8 is GB2312 ""保存"". Language flag is SRAM 0x2000A7C0[8] (1 = Chinese).",0x08018244
FUN_0801863c,0x0801B23C,UI_LoadDisplayTimeout,UI,Low-Medium,"Decompile: stores (settings 0x2000A7E0[1] + 1) * 50 into a u16 countdown at 0x20010484+0x4E, with value 10 special-cased to 600",Loads the display/backlight inactivity countdown from settings.,"The special case at 10 is the usual ""maximum means a longer fixed value"" pattern. Shape-based; which timeout is unconfirmed.",0x0801863C
FUN_0801a514,0x0801D114,UI_DrawToneFieldNarrow,UI,Medium,"Owns "" D%03oN "", "" %6X "", "" %d.%0.1d "" and "" NONE "" at one field width",Draws a sub-audible tone field.,"Near-duplicate of UI_DrawToneFieldWide; the two differ only in padding, so they are the same field drawn in two layouts.",0x0801A514
FUN_0801a66c,0x0801D26C,UI_DrawScanStatus,UI,Medium,"Owns ""SCANQT"", ""STOP"" and ""RUNNING""",Draws the scanner state indicator.,SCANQT is presumably scan-with-tone-qualify; unconfirmed.,0x0801A66C
FUN_0801aa9c,0x0801D69C,BK4829_CheckSquelchLink,RF/BK4829,High,"Decompile: returns open when the squelch setting byte is zero, otherwise returns bit 1 of register 0x0C. RT-890 BK4819_CheckSquelchLink is the same test on the same register and bit",Reports whether the squelch is currently open.,"The shift test (value << 0x1E < 0) is bit 1. Also pins SRAM 0x2000A7C0[0] as the squelch setting, the 890 gSettings.Squelch. The 890 additionally bypasses on monitor mode; the 950 guard here is a single byte.",0x0801AA9C
FUN_0801ab04,0x0801D704,RF_SelectPath,RF,High,"Decompile cross-referenced against the HW_PROBED silkscreen names in rt950-scratch/include/rt950_pinmap.h: PE12=U3R, PE13=U6R, PE14=SW3T, PE7=U3T, PB0=V3R, PB1=V3T. Each call drives exactly one line high and clears the competing ones","Selects the RF front-end path for a band, in either receive or transmit.","*** CORRECTION *** The existing catalogue calls this PTT_Relay_Select and pinout.md reads PE13/PE12/PE14/PE7 as primary PTT / external PTT / PA gate / mic toggle. It is an antenna-path switch matrix. mode 1 = pick RX path (band 1,3 -> U3R; band 4 -> U6R; else V3R), mode 2 = pick TX path (band 0,2 -> V3T; band 1,3 -> U3T; band 4 -> SW3T), mode 3 = all RX off, mode 0 = everything off. Note Hertzz58 annotates these pins ACTIVE LOW, but the code drives the SELECTED line high and the others low - active low would mean it disables the path it is selecting, so active high is the correct reading and that annotation looks wrong. Hertzz58 also carries PTT_PRIMARY/PTT_EXTERNAL aliases that it marks as inherited JKI757 labels, i.e. the same mistake imported.",0x0801AB04
FUN_0801ac8c,0x0801D88C,BK4829_EnableFFSK,RF/BK4829,High,"Decompile: writes registers 0x70, 0x72, 0x58, 0x5C, 0x5D in the same order as RT-890 BK4819_EnableFFSK1200, and disables by writing 0x70=0 then 0x58=0 exactly as the 890 does. 0x5C=0x5665 and 0x5D=0x0F00 are bit-identical to the 890",Enables or disables the FFSK data modem.,"The three rate-dependent constants differ from the 890 (0x70=0x00AC vs 0x00E0, 0x72=0x60CA vs 0x3065, 0x58=0x00C9 vs 0x37C3), which is what a different FFSK bit rate looks like - the 890 path is explicitly 1200 baud, so the 950 is probably not. Also writes 0x59/0x3F, which the 890 does in its FSK reset path. NOTE (later evidence): a second routine at 0x0801BBE4 writes 0x72=0x3065, which is the 890 1200-baud constant exactly, so THAT one is the 1200-baud path and this one is a different rate. Treat the rate labelling of the two as unresolved.",0x0801AC8C
FUN_0801ad14,0x0801D914,BK4829_SetCtcssTxGain,RF/BK4829,High,"Decompile: writes register 0x51 as (gain & 0x7F) | 0x9000, the exact idiom of RT-890 BK4819_WriteRegister(0x51, CtcssTxGain | 0x9000); writes 0x51=0 to disable, plus 0x07=0x471 and a masked update of 0x52",Enables CTCSS transmission and applies the per-band TX gain.,"Gain is read from the band-calibration block at SRAM 0x2000011E, the same source the 890 calls gFrequencyBandInfo.CtcssTxGainNarrow/Wide.",0x0801AD14
FUN_0801ad94,0x0801D994,RADIO_ApplyChannelConfig,RF,Medium-High,"Called from state 0 of RADIO_RunStateMachine with ten arguments drawn from the channel record and settings (frequency, sub-audible codes, power, bandwidth flags), immediately before the machine advances to receive",Programs the transceiver for the current channel.,The single point where a channel becomes live RF state. Two call sites differ only in whether the config comes from an explicit block or a pointer at +0x1C.,0x0801AD94
FUN_0801ae2e,0x0801DA2E,BK4829_SetAudioMute,RF/BK4829,Medium-High,Decompile: forwards to BK4829_SetAfModeAndGain with AF mode 1 when muting and 0 otherwise,Mutes or unmutes the receiver audio path.,"7 callers, all around state transitions.",0x0801AE2E
FUN_0801b3bc,0x0801DFBC,UI_ResetEditBuffer,UI,Low,Clears a 0x54-byte struct at SRAM 0x2000A2E0 and sets the byte at 0x20000B2C to 0xFF; 26 callers,Resets an edit/scratch record.,Shape-based only. 0x54 bytes is a plausible channel or menu-edit record; the 0xFF sentinel suggests 'no selection'.,0x0801B3BC
FUN_0801b484,0x0801E084,UI_ResetMenuTimeout,UI,Medium,Decompile: reloads the countdown at UI-state +0x2E with settings byte 0x2000A7C0[0x10] multiplied by 50,Restarts the menu/display inactivity timeout.,"Implies SRAM 0x2000A7C0+0x10 is the user-set timeout, in units of 50 ticks. 11 callers.",0x0801B484
FUN_0801b7dc,0x0801E3DC,AUDIO_SetHardwareMute,Audio,Low-Medium,"Decompile: drives GPIOC bit 0x0010 (PC4) high or low, either directly from its second argument or from radio-state conditions when the first argument is zero",Drives the hardware audio mute line.,"PC4 is not in the Hertzz58 pinmap, so the pin function is inferred from context: it is toggled around transmit and receive transitions alongside the BK4829 mute. Needs a scope to confirm.",0x0801B7DC
FUN_0801b9a0,0x0801E5A0,BK4829_SetMicSensitivity,RF/BK4829,Medium-High,"Read-modify-write of BK4829 register 0x7D, replacing the low bits with a value from SRAM 0x2000011E. RT-890 analog: BK4819_SetMicSensitivityTuning() writes 0xE940 | Tuning to the same register 0x7D",Applies the per-band microphone sensitivity trim.,"The 950 preserves the high bits rather than rewriting the whole 0xE940 constant, but the register and the field are the same as the 890.",0x0801B9A0
FUN_0801b9cc,0x0801E5CC,BK4829_SetFrequency,RF/BK4829,High,Decompile: writes the low half of the frequency to register 0x38 and the high half to 0x39 - the same pair RT-890 BK4819_SetFrequency uses - then selects the channel filter via 0x43,Tunes the synthesiser and applies the matching filter bandwidth.,"Wide constant 0x43=0x3028 is bit-identical to the 890; the narrow constant differs (0x4008 here vs 0x4048 in the 890), which is a genuine per-model difference worth noting before copying filter settings across.",0x0801B9CC
FUN_8001ba14,0x0801E614,BK4829_SendByte,RF/BK4829,High,"RT-890 analog: I2C_Send() in driver/bk4819.c, called identically with (0x80|reg) for reads",Bit-bangs one byte to a BK4829 over the 3-wire bus.,Radtel/DualTachyon call this bus 'I2C' in the 890 even though it is a 3-wire SPI variant.,0x0801BA14
FUN_0801ba8c,0x0801E68C,BK4829_SetModulationMode,RF/BK4829,Low-Medium,"Decompile: toggles bit 0 of BK4829 register 0x31 and writes three constant sets to 0x42/0x2A/0x2B, selected by a mode argument (6, 8, or default)",Switches the transceiver between modulation/filter profiles.,"RT-890 shows register 0x31 as a bit-field (bit1 scramble, bit2 VOX, bit3 compander); bit 0 is not used by the 890 so its meaning here is unconfirmed. Constants: mode 6 -> 0x42=0x6F5C, 0x2A=0x7434, 0x2B=0x0500; default -> 0x42=0x6B5A, 0x2A=0x7400.",0x0801BA8C
FUN_0801bb28,0x0801E728,BK4829_TuneAndRestartRx,RF/BK4829,Medium-High,"Decompile: writes 0x37=0x9F1F, drops the transceiver, calls BK4829_SetFrequency, writes 0x51=0x0300, then returns to RX",Retunes and restarts the receiver with CSS auto-bandwidth disabled.,"The 890 writes 0x37=0x1F0F in BK4819_EnableRX; the 0x9F1F here sets an additional high bit, so the power-up sequencing differs slightly between models.",0x0801BB28
FUN_0801bbe4,0x0801E7E4,BK4829_ConfigureFfsk1200,RF/BK4829,Medium-High,"Decompile: writes 0x72=0x3065 - bit-identical to RT-890 BK4819_EnableFFSK1200 - plus 0x58, 0x70, 0x5D, 0x59, sync words 0x5A/0x5B, length 0x5C and 0x3F",Configures the FSK modem for the 1200-baud FFSK profile.,The matching 0x72 constant is what distinguishes this from the other FFSK setup at 0x0801AC8C. Sync words 0x5A=0xFB72 / 0x5B=0x4099 are specific to this profile.,0x0801BBE4
FUN_0801bca0,0x0801E8A0,BK4829_ResetFsk,RF/BK4829,Medium-High,"Decompile: writes 0x3F=0 and 0x59=0x0028, identical to RT-890 BK4819_ResetFSK, then 0x70=0 and 0x58=0, identical to the 890 FFSK disable path",Returns the FSK block to idle.,Effectively the 890 ResetFSK and EnableFFSK1200(false) merged into one routine. Where the 890 finishes with 0x30=0 (power off) the 950 leaves the transceiver state alone.,0x0801BCA0
FUN_0801bef4,0x0801EAF4,BK4829_SendFskPacket,RF/BK4829,Medium-High,"Decompile: configures 0x3F/0x59, loads sync words into 0x5A/0x5B, sets length via 0x5C, pushes seven halfwords into the 0x5F FIFO, then writes 0x59=0x0828 to start and polls for completion with a timeout",Transmits one FSK/FFSK data frame.,"Register roles follow the BK4819 FSK block (0x5A/0x5B sync, 0x5F FIFO, 0x59 control). The 7-halfword payload matches the 14-byte block copied in from the table at 0x0801BFD4.",0x0801BEF4
FUN_8001c04c,0x0801EC4C,BK4829_ReadRegister_Chip2,RF/BK4829,High,"Structure matches RT-890 BK4819_ReadRegister exactly: assert CS, send 0x80|reg, flip SDA to input, clock in 16 bits, release CS. CS pin = PE15 = Hertzz58 BK4829_SEN2_PIN",Reads a 16-bit register from BK4829 #2.,"*** CORRECTION *** The existing catalogue calls this Band_Relay_ShiftIn and pinout.md describes PE15/PE10/PE11 as an 'RF filter relay shift interface'. It is the BK4829 control bus: PE15=SEN2, PE10=SCK, PE11=SDA.",0x0801C04C
FUN_0801c110,0x0801ED10,BK4829_SetTransceiverState,RF/BK4829,High,"Decompile: writes BK4829 register 0x30 through the ops table, with constants bit-identical to the RT-890: 0x0200 priming, 0xBFF1 = RX, 0xC1FE = TX with mic, 0xC3FA = TX without mic, 0x0000 = off","Puts the transceiver into receive, transmit or off.","The strongest Rosetta match found so far - the magic values match RT-890 BK4819_EnableRX/EnableTX exactly (driver/bk4819.c lines 285-286, 517-527). Argument: 1 = RX, 2 = TX with mic, 3/4 = the remaining cases. Calls via *(0x20000B90), which re-confirms the ops table.",0x0801C110
FUN_0801c2d4,0x0801EED4,BK4829_DisableAutoCssBW,RF/BK4829,High,"Decompile: transceiver off, write 0x51=0x0300, transceiver back to RX. RT-890 BK4819_DisableAutoCssBW writes the identical 0x51=0x0300 then calls BK4819_EnableRX",Disables the automatic CSS bandwidth adjustment.,The 950 brackets the write with explicit state changes where the 890 uses a delay plus EnableRX; the register write is bit-identical.,0x0801C2D4
FUN_0801c2f8,0x0801EEF8,BK4829_SetAfModeAndGain,RF/BK4829,High,"Decompile: writes register 0x47 from a 16-entry mode table OR 0x6042, then register 0x48 as (gain & 0x3F) << 4 | 0xB00F. RT-890 BK4819_SetAF writes 0x47 and BK4819_SetAfGain writes 0x48, taking the gain from gFrequencyBandInfo.RX_DAC_GainNarrow/Wide exactly as this does",Selects the AF output mode and applies the per-band receive gain.,"Pins two more calibration fields: 0x2000011E[3] = RX DAC gain wide, [4] = narrow, selected by the same narrow/wide flag at ops+0x21 that BK4829_SetFrequency uses to pick the filter. Modes 3 and 0xF1 skip the gain write (mute paths).",0x0801C2F8
FUN_0801c3f4,0x0801EFF4,BK4829_RetuneFrequency,RF/BK4829,Medium-High,"Decompile: writes the frequency to 0x38/0x39, then reads 0x30, writes 0x30=0 and restores it",Retunes and bounces the PLL/power register so the synthesiser relocks.,"Distinct from BK4829_SetFrequency, which also selects the filter but does not restart the PLL. Likely the scan-step path.",0x0801C3F4
FUN_0801c460,0x0801F060,BK4829_EnableScramble,RF/BK4829,High,Decompile: read-modify-write of register 0x31 bit 1 plus a write to 0x71 - exactly the register pair and bit RT-890 BK4819_EnableScramble uses,Enables voice inversion scrambling at a selected level.,The 890 computes 0x71 arithmetically (0x68DC | level*1032); the 950 instead indexes a 9-entry table at 0x0801C520 and clamps the level to 9. Guarded by a frequency check before it will engage.,0x0801C460
FUN_0801c56c,0x0801F16C,BK4829_SetToneFrequency,RF/BK4829,High,Decompile: writes register 0x71 as (tone * 0xFC0FC) / 10000. RT-890 BK4819_SetToneFrequency writes the same register as (Tone * 103) / 10,Programs the tone generator frequency.,"Same register and the same physical scale factor: the 890 uses 10.3 counts per Hz, the 950 uses 103.2188 per 10 units - i.e. the 950 takes its tone argument in tenths of a hertz, giving 10x finer resolution with a more precise constant. Worth knowing before copying tone tables across models.",0x0801C56C
FUN_0801c614,0x0801F214,BK4829_RestoreRxAudio,RF/BK4829,Medium-High,"Decompile: clears the tone generator (SetToneFrequency(0), 0x70=0), selects RX or TX state from a helper, then re-applies AF mode/gain and the scramble setting",Returns the receiver to normal audio after a tone or data burst.,"Reads the scramble level from ops+0x26. The RX/TX choice comes from FUN_0801BDC4, which is the remaining unnamed predicate in this path.",0x0801C614
FUN_8001c68c,0x0801F28C,BK4829_ReadRegister_Chip1,RF/BK4829,High,Identical body to FUN_8001c04c but CS = PE8 = Hertzz58 BK4829_SEN1_PIN,Reads a 16-bit register from BK4829 #1.,*** CORRECTION *** Same as above. Confirms two BK4829s share SCK/SDA and differ only in chip select.,0x0801C68C
FUN_0801c8c8,0x0801F4C8,RADIO_EnterIdle,System,Low-Medium,"Calls DISPLAY_SetPanelEnable(0), AUDIO_SetPathOwner(6) (release owner 2), and clears three flags in the 0x2000A334 state struct",Tears down the active mode and returns to idle.,Shape-based; the call sequence is a clean shutdown but the exact scope is unconfirmed.,0x0801C8C8
FUN_8001cb52,0x0801F752,LCD_SetAddressWindow,Display,High,"Existing entry confirmed: emits 0x2A then 0x2B, each with start and end-1",Defines the drawing rectangle.,"Args are (x0, x_end_exclusive, y0, y_end_exclusive); the function subtracts 1 before sending.",0x0801CB52
FUN_8001e460,0x08021060,APRS_Handler,APRS,Low-Medium,Literal pool reaches the string 'APRS',APRS-related feature entry point.,Newly surfaced; needs decomposition.,0x0801E460
FUN_0801f174,0x08021D74,UI_DrawToneFieldWide,UI,Medium,Same string set as UI_DrawToneFieldNarrow with wider padding,Draws a sub-audible tone field in the wide layout.,,0x0801F174
FUN_80020198,0x08022D98,AUDIO_SetPathOwner,Audio,Medium-High,RT-890 analog: SPEAKER_TurnOn/TurnOff(Owner). The 890 uses an owner bitmask; the 950 uses a 6-byte owner flag array at g_200001E2,Reference-counted enable for the audio output path.,"Odd param = claim owner, even = release; default case releases all and disables. Drives PE4 and PB8 high to enable, plus PC9. 25 callers.",0x08020198
FUN_08020370,0x08022F70,UI_DrawSquelchAndBandwidth,UI,High,"Decompile: loads 4 entries from the table at 0x080309A8 and 5 from 0x080309B8, formats each with lib_sprintf and draws them at y=0x27 and y=0x52",Draws the squelch-multiplier and channel-spacing menu values.,The two tables are the x16/x32/x64/x128 and 6.25k/8.33k/12.5k/20.0k/25.0k string lists. Only readable at all because of the 0x2C00 image correction.,0x08020370
FUN_08020418,0x08023018,UI_DrawModeLabel,UI,Medium,"Decompile: three-entry string table at 0x080309CC, indexed by param % 2, drawn at x=0xCF y=0x26",Draws a short mode label in the top-right field.,Index is taken modulo 2 although the table holds three entries; the third may be unused or reached elsewhere.,0x08020418
FUN_08020480,0x08023080,UI_DrawTitleField,UI,Low-Medium,"Decompile: fills the fixed window x 0x2A..0xCC, y 0x31..0x4B, draws one argument through a text helper at that origin, then flushes",Redraws a fixed titled field near the top of the screen.,"Shape-based: the window is hard-coded, so this is one specific screen region, but which field it is has not been established.",0x08020480
FUN_08020f6c,0x08023B6C,SPIFLASH_IsBusy,Storage,Medium-High,Polled in a loop after page program until it returns zero,Reads the status register and returns the WIP/busy bit.,Standard SPI NOR RDSR (0x05) poll.,0x08020F6C
FUN_80020f80,0x08023B80,SPIFLASH_Erase32K,Storage,Medium,Existing catalog entry,Block erase (32 KiB).,Retained.,0x08020F80
FUN_80020ff0,0x08023BF0,SPIFLASH_Erase64K,Storage,Medium,Existing catalog entry,Block erase (64 KiB).,Retained.,0x08020FF0
FUN_800210c0,0x08023CC0,SPIFLASH_Erase4K,Storage,Medium,"Existing catalog entry (Software_SPI_FlashErase4K), consistent with the SPI NOR command set",Sector erase.,Retained; renamed for consistency with SPIFLASH_ReadBytes.,0x080210C0
FUN_80021180,0x08023D80,SPIFLASH_ReadBytes,Storage,High,"Decompile: asserts PB12, sends command 0x03 plus a 24-bit big-endian address, then streams bytes in",Reads a byte range from the external SPI NOR flash.,"*** CORRECTION *** pinout.md attributes PB12 to 'BK4829 #1 on hardware SPI1'. Command 0x03 is SPI NOR READ, and Hertzz58 hardware-verified PB12 as FLASH_CS on SPI2. No SPI1 register access appears anywhere in the image.",0x08021180
FUN_08021234,0x08023E34,SPIFLASH_XferByte,Storage,High,Innermost bit-bang byte routine used by every SPI NOR command sequence,Shifts one byte out to the serial flash.,Previously catalogued as Software_SPI_Write_Byte.,0x08021234
FUN_08021290,0x08023E90,SPIFLASH_PageProgram,Storage,High,"Decompile: CS low on PB12, command 0x02 + 24-bit address, data bytes, CS high, then polls busy with a 10000-iteration timeout",Programs up to one 256-byte page of the serial flash.,0x02 is SPI NOR PAGE PROGRAM. Confirms PB12 = flash CS (see SPIFLASH_ReadBytes).,0x08021290
FUN_08021314,0x08023F14,SPIFLASH_WriteBytes,Storage,High,"Decompile: computes 0x100 - (addr & 0xff) and splits the transfer on 256-byte boundaries, calling SPIFLASH_PageProgram per chunk",Page-boundary-aware write of an arbitrary byte range.,This is the function to use when patching stored settings; writing across a page boundary directly would wrap within the page.,0x08021314
FUN_0802137c,0x08023F7C,SPIFLASH_WriteEnable,Storage,Medium-High,"Called immediately before every program/erase sequence, the standard place for SPI NOR WREN (0x06)",Issues WRITE ENABLE before a program or erase.,Command byte not re-read in this pass; position in the sequence is the evidence.,0x0802137C
FUN_08021b9c,0x0802479C,RADIO_RunStateMachine,System,Medium-High,"Decompile: switch on the state byte at SRAM 0x2000A334[4] with at least nine cases; case 1 arms the TX path via RF_SelectPath(band, 2), loads a timeout from settings[5] and advances the state",One pass of the main receive/transmit state machine.,"The core sequencer - the highest-value function to finish decomposing. Touches 12 distinct settings bytes, more than any other function. settings[5] is scaled by 300 into a tick countdown, which is the shape of a TX time-out timer.",0x08021B9C
FUN_080221b0,0x08024DB0,Util_CenterString,Util,High,"Decompile: if the string is at least as long as the field, copy field-width bytes; otherwise space-fill the field (memset value 0x20) and copy the string at offset (width - length) / 2",Copies a string centred within a fixed-width field.,The (width - len) >> 1 offset is unambiguous centring. Used by the UI to lay out labels in fixed cells.,0x080221B0
FUN_08022248,0x08024E48,RADIO_AbortToRx,System,Medium-High,"The shared bail-out target of states 3 and 8: calls two teardown helpers, sets a 0x28 timer, and clears the mode byte when SYS_GetModeFlag is non-zero",Abandons the current transmit sequence and returns to receive.,,0x08022248
FUN_08022be8,0x080257E8,AUDIO_PlayVoicePrompt,Audio,Medium-High,Decompile: gated on the voice-prompt enable byte settings[7]; when the language byte settings[8] is not 1 it adds 0x3C to the prompt index before queueing it at 0x200106FC,Queues a numbered voice prompt in the selected language.,The +0x3C language offset means the voice bank holds 60 prompts per language laid out back to back - which fits the tagged-record region described in FINDINGS.md as a probable voice bank.,0x08022BE8
FUN_08022c4c,0x0802584C,AUDIO_PlayPromptOrBeep,Audio,Medium,"Decompile: if SRAM 0x2000A7C0[7] is set and the first argument is non-zero, plays a voice prompt; otherwise falls back to a plain beep","Plays a voice prompt when enabled, else a beep.",SRAM 0x2000A7C0[7] is the voice-prompt enable setting.,0x08022C4C
FUN_8002322c,0x08025E2C,LCD_WriteData16,Display,High,Called twice per coordinate by LCD_SetAddressWindow,"Writes a 16-bit value as two data bytes, MSB first.",Not previously catalogued.,0x0802322C
FUN_08025564,0x08028164,SYS_DelayMsPumping,System,Medium-High,Decompile: writes ms+1 into the counter at SRAM 0x2000A26C then spins calling the task pump until it reaches zero,Cooperative blocking delay that keeps background tasks running.,Unlike DELAY_WaitMS this does not stall the radio; use it for UI dwell times. 10 callers.,0x08025564
FUN_8002572c,0x0802832C,APRS_FormatVX8,APRS,Low,Literal pool reaches 'VX-8',Formats a Yaesu VX-8 style APRS message or identifies that device type.,Newly surfaced; speculative.,0x0802572C
FUN_08026fb2,0x08029BB2,SI4732_SendCommand,SI4732,Medium,Its only identified caller builds a 6-byte SI4732 SET_PROPERTY frame and passes it here; the body is a start / delay / transfer sequence over the bit-banged bus,Sends a command frame to the SI4732 broadcast receiver.,*** CORRECTS MY OWN EARLIER GUESS *** I named this LCD_SendInitSequence purely from its address neighbourhood (0x08026xxx sits near the LCD code). The caller evidence says SI4732. Hertzz58 puts the SI4732 on bit-banged I2C at PB6/PB7.,0x08026FB2
FUN_0802700c,0x08029C0C,SI4732_SetProperty,SI4732,High,"Decompile: builds the byte sequence 0x12, 0x00, prop_hi, prop_lo, val_hi, val_lo in a 6-byte buffer at SRAM 0x2000019E and sends it. That is exactly the Si47xx SET_PROPERTY command frame",Sets an SI4732 property.,"Command 0x12 with a zero second byte and two big-endian 16-bit fields is the documented Si47xx SET_PROPERTY layout, which makes this identification essentially certain despite the surrounding code being unnamed. Also gives SRAM 0x2000019E as the SI4732 command buffer.",0x0802700C
FUN_0802717c,0x08029D7C,LCD_FillRect,Display,High,Decompile: LCD_SetWindow then pushes one constant colour for w*h pixels,Fills a rectangle with a solid colour.,"Args (y, x, w, h, colour). The constant-colour counterpart to LCD_DrawImage.",0x0802717C
FUN_800271c0,0x08029DC0,LCD_WriteCommand,Display,High,Existing entry confirmed by disassembly; corrected polarity,Emits one command byte on the 8080 bus.,"Sequence with corrected polarity: CS(PD1) LOW = assert, D/C(PD3) LOW = command, WR(PD0) LOW then HIGH latches. Corroborated by Hertzz58 LCD_WR/CS/DC pin notes.",0x080271C0
FUN_80027220,0x08029E20,LCD_WriteData,Display,High,Existing entry; same handshake as LCD_WriteCommand with D/C high,Emits one data byte on the 8080 bus.,,0x08027220
FUN_80027280,0x08029E80,LCD_DrawBitmap1bpp,Display,High,"Decompile: nested loop over a 1-bit-per-pixel source, 8-row banding, foreground/background colour args",Blits a monochrome glyph or icon with selectable colours.,"Args: (x, y, h, w, src, bg_colour, fg_colour). Clamps to 240 rows. RT-890 analog: FONT_Draw / gfx helpers.",0x08027280
FUN_08027300,0x08029F00,LCD_DrawImage,Display,High,Decompile: LCD_SetWindow then row-major loop pushing byte-swapped RGB565 pairs from a source buffer,Blits a full-colour image/sprite to the panel.,"Args (y, x, w, h, src). 23 callers. Companion to LCD_DrawBitmap1bpp, which handles the 1-bpp case.",0x08027300
FUN_80027354,0x08029F54,LCD_StartRamWrite,Display,High,Body is exactly LCD_WriteCommand(0x2C),Issues MIPI-DCS RAMWR to begin pixel streaming.,Not previously catalogued.,0x08027354
FUN_080279c8,0x0802A5C8,lib_softfloat_double_d,libc,Medium,As above,Compiler soft-float double-precision routine.,Not firmware logic. This block (0x08027C00-0x08029600) is almost entirely compiler runtime.,0x080279C8
FUN_08027c48,0x0802A848,lib_softfloat_double_c,libc,Medium,"Same signature as the other double helpers: 64-bit exponent masking, FPSCR reference, inline literal pool reached through lr",Compiler soft-float double-precision routine.,Not firmware logic.,0x08027C48
FUN_080281dc,0x0802ADDC,lib_aeabi_i2d,libc,High,"Decompile: extracts the sign, negates to absolute value, normalises with a leading-zero count, then assembles exponent (0x41D - lz) << 20 and a mantissa from the shifted value. 0x41D = 1053 = the double bias 1023 + 30, which is exactly the int-to-double normalisation constant",Converts a signed 32-bit integer to double.,Precise identification of one of the soft-float helpers previously catalogued only generically. ARM EABI name __aeabi_i2d.,0x080281DC
FUN_08028224,0x0802AE24,lib_aeabi_ui2d,libc,High,Identical to lib_aeabi_i2d with the sign extraction removed,Converts an unsigned 32-bit integer to double.,ARM EABI name __aeabi_ui2d.,0x08028224
FUN_080282c4,0x0802AEC4,lib_softfloat_double_a,libc,Medium,"Manipulates the 0xFFE00000 exponent field of 64-bit values, references FPSCR, and reads its own inline constant pool via (lr + 2) & ~3 - the signature of an __aeabi double-precision helper",Compiler soft-float double-precision routine.,Not firmware logic; listed so a reader does not spend time on it. Exact operation (add/mul/div) not pinned down.,0x080282C4
FUN_08028484,0x0802B084,lib_softfloat_double_b,libc,Medium,"Same shape as lib_softfloat_double_a: double exponent masking, FPSCR reference, inline literal pool via lr",Compiler soft-float double-precision routine.,As above.,0x08028484
